{"1,8": {"norm_wt10_mag,norm_wt10_synflow,l_sparsity,sparsity,l_rel_size": {"epochs": 2, "batch_size": 256, "accuracy": [0.42869579792022705, 0.42869579792022705]}, "norm_wt10_mag,norm_wt10_synflow": {"epochs": 2, "batch_size": 256, "accuracy": [0.42882582545280457, 0.42882513999938965]}, "norm_wt10_mag,wt10_sign,l_sparsity,sparsity,l_rel_size": {"epochs": 2, "batch_size": 256, "accuracy": [0.9533963799476624, 0.999914288520813]}, "norm_wt10_mag,wt10_sign": {"epochs": 2, "batch_size": 256, "accuracy": [0.9513843059539795, 0.9997019171714783]}, "norm_wt10_synflow,wt10_sign,l_sparsity,sparsity,l_rel_size": {"epochs": 2, "batch_size": 256, "accuracy": [0.4287121295928955, 0.4287111163139343]}, "norm_wt10_synflow,wt10_sign": {"epochs": 2, "batch_size": 256, "accuracy": [0.42886683344841003, 0.42885714769363403]}, "norm_wi_mag,norm_wi_synflow,l_sparsity,sparsity,l_rel_size": {"epochs": 2, "batch_size": 256, "accuracy": [0.42880314588546753, 0.428804486989975]}, "norm_wi_mag,norm_wi_synflow": {"epochs": 2, "batch_size": 256, "accuracy": [0.42880013585090637, 0.42880013585090637]}, "norm_wi_mag,wi_sign,l_sparsity,sparsity,l_rel_size": {"epochs": 2, "batch_size": 256, "accuracy": [0.42889317870140076, 0.42886948585510254]}, "norm_wi_mag,wi_sign": {"epochs": 2, "batch_size": 256, "accuracy": [0.4288221597671509, 0.428817480802536]}, "norm_wi_synflow,wi_sign,l_sparsity,sparsity,l_rel_size": {"epochs": 2, "batch_size": 256, "accuracy": [0.4288548231124878, 0.4288505017757416]}, "norm_wi_synflow,wi_sign": {"epochs": 2, "batch_size": 256, "accuracy": [0.4288548231124878, 0.4288554787635803]}}, "4,8": {"norm_wt10_mag,norm_wt10_synflow,l_sparsity,sparsity,l_rel_size": {"epochs": 2, "batch_size": 256, "accuracy": [0.42871612310409546, 0.42871612310409546]}, "norm_wt10_mag,norm_wt10_synflow": {"epochs": 2, "batch_size": 256, "accuracy": [0.4289895296096802, 0.4289895296096802]}, "norm_wt10_mag,wt10_sign,l_sparsity,sparsity,l_rel_size": {"epochs": 2, "batch_size": 256, "accuracy": [0.9977068305015564, 0.9999996423721313]}, "norm_wt10_mag,wt10_sign": {"epochs": 2, "batch_size": 256, "accuracy": [0.9899898767471313, 0.9997052550315857]}, "norm_wt10_synflow,wt10_sign,l_sparsity,sparsity,l_rel_size": {"epochs": 2, "batch_size": 256, "accuracy": [0.42885515093803406, 0.4288528263568878]}, "norm_wt10_synflow,wt10_sign": {"epochs": 2, "batch_size": 256, "accuracy": [0.42900553345680237, 0.42898786067962646]}, "norm_wi_mag,norm_wi_synflow,l_sparsity,sparsity,l_rel_size": {"epochs": 2, "batch_size": 256, "accuracy": [0.4286821186542511, 0.42868077754974365]}, "norm_wi_mag,norm_wi_synflow": {"epochs": 2, "batch_size": 256, "accuracy": [0.42897117137908936, 0.4289661645889282]}, "norm_wi_mag,wi_sign,l_sparsity,sparsity,l_rel_size": {"epochs": 2, "batch_size": 256, "accuracy": [0.4288778305053711, 0.4288778305053711]}, "norm_wi_mag,wi_sign": {"epochs": 2, "batch_size": 256, "accuracy": [0.4290148615837097, 0.42901551723480225]}, "norm_wi_synflow,wi_sign,l_sparsity,sparsity,l_rel_size": {"epochs": 2, "batch_size": 256, "accuracy": [0.42877545952796936, 0.42876681685447693]}, "norm_wi_synflow,wi_sign": {"epochs": 2, "batch_size": 256, "accuracy": [0.4288458228111267, 0.4288408160209656]}}, "16,8": {"norm_wt10_mag,norm_wt10_synflow,l_sparsity,sparsity,l_rel_size": {"epochs": 2, "batch_size": 256, "accuracy": [0.42884814739227295, 0.42884814739227295]}, "norm_wt10_mag,norm_wt10_synflow": {"epochs": 2, "batch_size": 256, "accuracy": [0.4289714992046356, 0.4289714992046356]}, "norm_wt10_mag,wt10_sign,l_sparsity,sparsity,l_rel_size": {"epochs": 2, "batch_size": 256, "accuracy": [0.9933475852012634, 0.9999976754188538]}, "norm_wt10_mag,wt10_sign": {"epochs": 2, "batch_size": 256, "accuracy": [0.9907580018043518, 0.9996999502182007]}, "norm_wt10_synflow,wt10_sign,l_sparsity,sparsity,l_rel_size": {"epochs": 2, "batch_size": 256, "accuracy": [0.42897483706474304, 0.42898452281951904]}, "norm_wt10_synflow,wt10_sign": {"epochs": 2, "batch_size": 256, "accuracy": [0.4289868474006653, 0.4289868474006653]}, "norm_wi_mag,norm_wi_synflow,l_sparsity,sparsity,l_rel_size": {"epochs": 2, "batch_size": 256, "accuracy": [0.42908287048339844, 0.4290745258331299]}, "norm_wi_mag,norm_wi_synflow": {"epochs": 2, "batch_size": 256, "accuracy": [0.42900386452674866, 0.42900386452674866]}, "norm_wi_mag,wi_sign,l_sparsity,sparsity,l_rel_size": {"epochs": 2, "batch_size": 256, "accuracy": [0.4289511740207672, 0.4289511740207672]}, "norm_wi_mag,wi_sign": {"epochs": 2, "batch_size": 256, "accuracy": [0.4287821352481842, 0.42875412106513977]}, "norm_wi_synflow,wi_sign,l_sparsity,sparsity,l_rel_size": {"epochs": 2, "batch_size": 256, "accuracy": [0.42878347635269165, 0.4287811517715454]}, "norm_wi_synflow,wi_sign": {"epochs": 2, "batch_size": 256, "accuracy": [0.42864277958869934, 0.4286361038684845]}}, "1,32": {"norm_wt10_mag,norm_wt10_synflow,l_sparsity,sparsity,l_rel_size": {"epochs": 2, "batch_size": 256, "accuracy": [0.42891716957092285, 0.42891716957092285]}, "norm_wt10_mag,norm_wt10_synflow": {"epochs": 2, "batch_size": 256, "accuracy": [0.42881515622138977, 0.42880114912986755]}, "norm_wt10_mag,wt10_sign,l_sparsity,sparsity,l_rel_size": {"epochs": 2, "batch_size": 256, "accuracy": [0.9860210418701172, 0.9999989867210388]}, "norm_wt10_mag,wt10_sign": {"epochs": 2, "batch_size": 256, "accuracy": [0.9866671562194824, 0.9997142553329468]}, "norm_wt10_synflow,wt10_sign,l_sparsity,sparsity,l_rel_size": {"epochs": 2, "batch_size": 256, "accuracy": [0.42881813645362854, 0.4288168251514435]}, "norm_wt10_synflow,wt10_sign": {"epochs": 2, "batch_size": 256, "accuracy": [0.4284383952617645, 0.4284297227859497]}, "norm_wi_mag,norm_wi_synflow,l_sparsity,sparsity,l_rel_size": {"epochs": 2, "batch_size": 256, "accuracy": [0.4287618100643158, 0.4287618100643158]}, "norm_wi_mag,norm_wi_synflow": {"epochs": 2, "batch_size": 256, "accuracy": [0.4288388192653656, 0.4288388192653656]}, "norm_wi_mag,wi_sign,l_sparsity,sparsity,l_rel_size": {"epochs": 2, "batch_size": 256, "accuracy": [0.42895784974098206, 0.4289548397064209]}, "norm_wi_mag,wi_sign": {"epochs": 2, "batch_size": 256, "accuracy": [0.42880380153656006, 0.42880314588546753]}, "norm_wi_synflow,wi_sign,l_sparsity,sparsity,l_rel_size": {"epochs": 2, "batch_size": 256, "accuracy": [0.4287051260471344, 0.4287024438381195]}, "norm_wi_synflow,wi_sign": {"epochs": 2, "batch_size": 256, "accuracy": [0.42874646186828613, 0.42874646186828613]}}, "4,32": {"norm_wt10_mag,norm_wt10_synflow,l_sparsity,sparsity,l_rel_size": {"epochs": 2, "batch_size": 256, "accuracy": [0.4287581443786621, 0.42876213788986206]}, "norm_wt10_mag,norm_wt10_synflow": {"epochs": 2, "batch_size": 256, "accuracy": [0.4288804829120636, 0.4288804829120636]}, "norm_wt10_mag,wt10_sign,l_sparsity,sparsity,l_rel_size": {"epochs": 2, "batch_size": 256, "accuracy": [0.9976975321769714, 0.9999989867210388]}, "norm_wt10_mag,wt10_sign": {"epochs": 2, "batch_size": 256, "accuracy": [0.996058464050293, 0.9996959567070007]}, "norm_wt10_synflow,wt10_sign,l_sparsity,sparsity,l_rel_size": {"epochs": 2, "batch_size": 256, "accuracy": [0.4289174973964691, 0.428920179605484]}, "norm_wt10_synflow,wt10_sign": {"epochs": 2, "batch_size": 256, "accuracy": [0.42883482575416565, 0.4288274943828583]}, "norm_wi_mag,norm_wi_synflow,l_sparsity,sparsity,l_rel_size": {"epochs": 2, "batch_size": 256, "accuracy": [0.428792804479599, 0.428792804479599]}, "norm_wi_mag,norm_wi_synflow": {"epochs": 2, "batch_size": 256, "accuracy": [0.4290218651294708, 0.4290218651294708]}, "norm_wi_mag,wi_sign,l_sparsity,sparsity,l_rel_size": {"epochs": 2, "batch_size": 256, "accuracy": [0.4290858805179596, 0.4290688633918762]}, "norm_wi_mag,wi_sign": {"epochs": 2, "batch_size": 256, "accuracy": [0.42888882756233215, 0.42888882756233215]}, "norm_wi_synflow,wi_sign,l_sparsity,sparsity,l_rel_size": {"epochs": 2, "batch_size": 256, "accuracy": [0.42892149090766907, 0.42891818284988403]}, "norm_wi_synflow,wi_sign": {"epochs": 2, "batch_size": 256,